Fold,MSE Loss,MAE Loss
4,0.38065450532095774,0.5995851755142212
