Fold,MSE Loss,MAE Loss
3,0.49520869154276725,1.481296181678772
