Fold,MSE Loss,MAE Loss
3,0.3733442104418841,0.6005507707595825
