Fold,MSE Loss,MAE Loss
1,0.7290584402251175,0.8123986721038818
