Fold,MSE Loss,MAE Loss
2,0.516077615481424,1.457359790802002
