Fold,MSE Loss,MAE Loss
2,0.7091185109608374,0.8098577857017517
