Fold,MSE Loss,MAE Loss
2,0.36889142864994684,0.5956956148147583
