Fold,MSE Loss,MAE Loss
3,0.5013262601009958,1.4124890565872192
