Fold,MSE Loss,MAE Loss
3,0.14440747750570057,1.3623898029327393
