Fold,MSE Loss,MAE Loss
4,0.13667089748834382,1.3151607513427734
