Fold,MSE Loss,MAE Loss
2,0.5385488138602009,1.4471923112869263
