MSE Loss,MAE Loss
0.816483964553603,1.263113260269165
