Fold,MSE Loss,MAE Loss
1,0.5754171325583499,0.5973649621009827
