Fold,MSE Loss,MAE Loss
4,0.5429236985330331,1.1331583261489868
