Fold,MSE Loss,MAE Loss
0,0.3953142397083972,1.421174168586731
