Fold,MSE Loss,MAE Loss
0,0.1434889629005343,1.3334846496582031
