Fold,MSE Loss,MAE Loss
1,0.501758657686912,1.4498194456100464
