Fold,MSE Loss,MAE Loss
4,0.6757632353215454,0.7963835597038269
