Fold,MSE Loss,MAE Loss
0,0.5217208112989153,1.3758584260940552
