Fold,MSE Loss,MAE Loss
2,0.5121062778870497,0.5522078275680542
