Fold,MSE Loss,MAE Loss
1,0.32375828718478755,0.45413798093795776
