Fold,MSE Loss,MAE Loss
4,0.6955591493375795,1.2919491529464722
