MSE Loss,MAE Loss
0.3475548402935851,0.46678832173347473
