Fold,MSE Loss,MAE Loss
0,0.5843896920062362,1.1746466159820557
