MSE Loss,MAE Loss
0.31196117760086595,0.5992506146430969
MSE Loss,MAE Loss
0.3435024829471813,0.5985037088394165
