Fold,MSE Loss,MAE Loss
1,0.4575716925084417,2.034515380859375
