Fold,MSE Loss,MAE Loss
2,0.4256472832086135,1.464269757270813
