Fold,MSE Loss,MAE Loss
4,0.475240703748197,2.0416793823242188
