MSE Loss,MAE Loss
0.5961879538538855,0.8009697198867798
