Fold,MSE Loss,MAE Loss
4,0.4820855988010373,1.4254335165023804
