Fold,MSE Loss,MAE Loss
1,0.5650495143221697,1.4915908575057983
