Fold,MSE Loss,MAE Loss
3,0.5457625375892261,1.1651391983032227
