Fold,MSE Loss,MAE Loss
3,0.35829416665495656,0.4671099781990051
