Fold,MSE Loss,MAE Loss
0,0.392147931986578,1.3828
1,0.4401924252857619,1.4285
2,0.3909412187190167,1.4617
3,0.4147938419209451,1.4414
4,0.4088781895164846,1.4411
