Fold,MSE Loss,MAE Loss
4,0.5103619400509593,1.46892511844635
