Fold,MSE Loss,MAE Loss
2,0.34300860263863386,0.4634057283401489
