Fold,MSE Loss,MAE Loss
1,0.43512639457213287,1.4396605491638184
