MSE Loss,MAE Loss
0.5413122043651366,0.5564139485359192
