Fold,MSE Loss,MAE Loss
0,0.3615873702239712,0.4744715988636017
