MSE Loss,MAE Loss
0.5879153992241458,2.120403289794922
