Fold,MSE Loss,MAE Loss
2,0.13848650026686338,1.3096401691436768
