Fold,MSE Loss,MAE Loss
2,0.5742435803218764,1.1752564907073975
