Fold,MSE Loss,MAE Loss
4,0.5862838113968296,0.5728260278701782
