Fold,MSE Loss,MAE Loss
1,0.3799440687060704,0.6073365807533264
