MSE Loss,MAE Loss
0.1545660867869687,1.3698562383651733
