Fold,MSE Loss,MAE Loss
2,0.7107197121002932,1.2236292362213135
