Fold,MSE Loss,MAE Loss
3,0.7087189029674141,0.8346657156944275
