Fold,MSE Loss,MAE Loss
2,0.4547185088038097,1.968700647354126
