MSE Loss,MAE Loss
0.7490935437294296,1.5434499979019165
