MSE Loss,MAE Loss
0.7163350864251454,1.497097134590149
MSE Loss,MAE Loss
0.5416656558921024,1.1769939661026
