MSE Loss,MAE Loss
0.7163350864251454,1.497097134590149
