Fold,MSE Loss,MAE Loss
3,0.4527878003808569,2.0583653450012207
