Fold,MSE Loss,MAE Loss
0,0.40669817749856163,0.6187602281570435
