Fold,MSE Loss,MAE Loss
0,0.46060268357613343,2.0304527282714844
