Fold,MSE Loss,MAE Loss
1,0.6514582827904482,1.2976926565170288
