Fold,MSE Loss,MAE Loss
3,0.4085845192041759,1.3850747346878052
