MSE Loss,MAE Loss
0.43535854936647816,1.3904136419296265
