Fold,MSE Loss,MAE Loss
0,0.5939623451441439,0.5620882511138916
