Fold,MSE Loss,MAE Loss
3,0.5934996359202327,0.5899947285652161
