Fold,MSE Loss,MAE Loss
0,0.681284296095545,0.8137253522872925
