Fold,MSE Loss,MAE Loss
3,0.6458192429806678,1.2309200763702393
