Fold,MSE Loss,MAE Loss
1,0.13887908177195069,1.3028217554092407
