Fold,MSE Loss,MAE Loss
4,0.33627092725333946,0.46201446652412415
