MSE Loss,MAE Loss
0.6449910061513635,1.5078450441360474
