Fold,MSE Loss,MAE Loss
4,0.451430819507243,1.425898551940918
