MSE Loss,MAE Loss
0.3837997341156006,1.6313152313232422
MSE Loss,MAE Loss
0.48001199050777765,1.435071587562561
