MSE Loss,MAE Loss
0.3837997341156006,1.6313152313232422
