Fold,MSE Loss,MAE Loss
1,0.5465124288036246,1.124280571937561
