Fold,MSE Loss,MAE Loss
0,0.47285671081209324,1.4178829193115234
