Fold,MSE Loss,MAE Loss
0,0.638056106157275,1.2149993181228638
